{"version": "1", "message": "ERROR: Hidden Testcases server unreachable.", "problem_id": "m19_a1", "user_id": "gvnaakhilsurya", "score": {"sample": {"0": {"execution_time": 0.3003978729248047, "passed": false}, "1": {"execution_time": 0.17084050178527832, "passed": false}, "2": {"execution_time": 0.17326974868774414, "passed": false}, "3": {"execution_time": 0.17808127403259277, "passed": false}, "4": {"execution_time": 0.19072556495666504, "passed": false}, "5": {"execution_time": 0.1847538948059082, "passed": false}, "6": {"execution_time": 0.19714832305908203, "passed": false}, "7": {"execution_time": 0.17860794067382812, "passed": false}, "8": {"execution_time": 0.17888617515563965, "passed": false}, "9": {"execution_time": 0.22318768501281738, "passed": false}, "10": {"execution_time": 0.17275714874267578, "passed": false}, "11": {"execution_time": 0.17290282249450684, "passed": false}, "12": {"execution_time": 0.20624446868896484, "passed": false}}}, "check_style_score": "0/1"}