{"version": "1", "message": "ERROR: Hidden Testcases server unreachable.", "problem_id": "m19_a1", "user_id": "gvnaakhilsurya", "score": {"sample": {"0": {"execution_time": 0.18467307090759277, "passed": false}, "1": {"execution_time": 0.22537755966186523, "passed": false}, "2": {"execution_time": 0.2442035675048828, "passed": false}, "3": {"execution_time": 0.1792454719543457, "passed": false}, "4": {"execution_time": 0.29519104957580566, "passed": false}, "5": {"execution_time": 0.30454397201538086, "passed": false}, "6": {"execution_time": 0.25371742248535156, "passed": false}, "7": {"execution_time": 0.2630174160003662, "passed": false}, "8": {"execution_time": 0.21436786651611328, "passed": false}, "9": {"execution_time": 0.19357681274414062, "passed": false}, "10": {"execution_time": 0.27132725715637207, "passed": false}, "11": {"execution_time": 0.1814134120941162, "passed": false}, "12": {"execution_time": 0.21934127807617188, "passed": false}}}, "check_style_score": "0/1"}