{"version": "1", "message": "ERROR: Hidden Testcases server unreachable.", "problem_id": "final_exam_a1_1", "user_id": "gvnaakhilsurya", "score": {"sample": {"0": {"execution_time": 0.35973238945007324, "passed": true}, "1": {"execution_time": 0.3083775043487549, "passed": true}, "2": {"execution_time": 0.32328104972839355, "passed": true}, "3": {"execution_time": 0.34389519691467285, "passed": true}, "4": {"execution_time": 0.2141709327697754, "passed": true}, "5": {"execution_time": 0.23363256454467773, "passed": true}, "6": {"execution_time": 0.4020695686340332, "passed": true}, "7": {"execution_time": 0.4045581817626953, "passed": true}, "8": {"execution_time": 0.27445459365844727, "passed": false}, "9": {"execution_time": 0.32404422760009766, "passed": false}, "10": {"execution_time": 0.26550889015197754, "passed": false}, "11": {"execution_time": 0.27800464630126953, "passed": true}, "12": {"execution_time": 0.24193406105041504, "passed": true}, "13": {"execution_time": 0.1801614761352539, "passed": true}}}, "check_style_score": "0/1"}