{"version": "1", "message": "ERROR: Hidden Testcases server unreachable.", "problem_id": "final_exam_a1_1", "user_id": "gvnaakhilsurya", "score": {"sample": {"0": {"execution_time": 0.3256831169128418, "passed": true}, "1": {"execution_time": 0.3263669013977051, "passed": true}, "2": {"execution_time": 0.26691317558288574, "passed": true}, "3": {"execution_time": 0.27225661277770996, "passed": false}, "4": {"execution_time": 0.24129867553710938, "passed": true}, "5": {"execution_time": 0.20401239395141602, "passed": true}, "6": {"execution_time": 0.35524749755859375, "passed": true}, "7": {"execution_time": 0.3620944023132324, "passed": true}, "8": {"execution_time": 0.19356799125671387, "passed": false}, "9": {"execution_time": 0.18848872184753418, "passed": false}, "10": {"execution_time": 0.34775280952453613, "passed": false}, "11": {"execution_time": 0.2698495388031006, "passed": false}, "12": {"execution_time": 0.253223180770874, "passed": false}, "13": {"execution_time": 0.18615388870239258, "passed": true}}}, "check_style_score": "0/1"}