{"version": "1", "message": "ERROR: Hidden Testcases server unreachable.", "problem_id": "final_exam_a1_1", "user_id": "gvnaakhilsurya", "score": {"sample": {"0": {"execution_time": 0.2812051773071289, "passed": true}, "1": {"execution_time": 0.2402629852294922, "passed": true}, "2": {"execution_time": 0.27621936798095703, "passed": true}, "3": {"execution_time": 0.24682950973510742, "passed": false}, "4": {"execution_time": 0.18254661560058594, "passed": true}, "5": {"execution_time": 0.19731473922729492, "passed": true}, "6": {"execution_time": 0.2995107173919678, "passed": true}, "7": {"execution_time": 0.27544093132019043, "passed": true}, "8": {"execution_time": 0.18046069145202637, "passed": false}, "9": {"execution_time": 0.19588065147399902, "passed": false}, "10": {"execution_time": 0.2160637378692627, "passed": false}, "11": {"execution_time": 0.18551015853881836, "passed": true}, "12": {"execution_time": 0.6579408645629883, "passed": true}, "13": {"execution_time": 0.1803579330444336, "passed": true}}}, "check_style_score": "0/1"}