{"version": "1", "message": "ERROR: Hidden Testcases server unreachable.", "problem_id": "final_exam_a1_1", "user_id": "gvnaakhilsurya", "score": {"sample": {"0": {"execution_time": 0.30675768852233887, "passed": false}, "1": {"execution_time": 0.30438661575317383, "passed": false}, "2": {"execution_time": 0.2518782615661621, "passed": false}, "3": {"execution_time": 0.27567481994628906, "passed": false}, "4": {"execution_time": 0.2532162666320801, "passed": false}, "5": {"execution_time": 0.2610929012298584, "passed": false}, "6": {"execution_time": 0.1723642349243164, "passed": false}, "7": {"execution_time": 0.18346595764160156, "passed": false}, "8": {"execution_time": 0.17652654647827148, "passed": false}, "9": {"execution_time": 0.21040797233581543, "passed": false}, "10": {"execution_time": 0.17864012718200684, "passed": false}, "11": {"execution_time": 0.1905193328857422, "passed": false}, "12": {"execution_time": 0.19778680801391602, "passed": true}, "13": {"execution_time": 0.18069028854370117, "passed": false}}}, "check_style_score": "0/1"}