{"version": "1", "message": "ERROR: Hidden Testcases server unreachable.", "problem_id": "final_exam_a1_1", "user_id": "gvnaakhilsurya", "score": {"sample": {"0": {"execution_time": 0.16207551956176758, "passed": false}, "1": {"execution_time": 0.1797792911529541, "passed": false}, "2": {"execution_time": 0.1288907527923584, "passed": false}, "3": {"execution_time": 0.1508936882019043, "passed": false}, "4": {"execution_time": 0.14297103881835938, "passed": false}, "5": {"execution_time": 0.1260547637939453, "passed": false}, "6": {"execution_time": 0.1643366813659668, "passed": false}, "7": {"execution_time": 0.12182855606079102, "passed": false}, "8": {"execution_time": 0.1373283863067627, "passed": false}, "9": {"execution_time": 0.17254400253295898, "passed": false}, "10": {"execution_time": 0.141571044921875, "passed": false}, "11": {"execution_time": 0.14874935150146484, "passed": false}, "12": {"execution_time": 0.1284470558166504, "passed": false}, "13": {"execution_time": 0.1477963924407959, "passed": false}}}, "check_style_score": "0/1"}