{"version": "1", "message": "ERROR: Hidden Testcases server unreachable.", "problem_id": "final_exam_a1_1", "user_id": "gvnaakhilsurya", "score": {"sample": {"0": {"execution_time": 0.378673791885376, "passed": true}, "1": {"execution_time": 0.41718435287475586, "passed": true}, "2": {"execution_time": 0.2777547836303711, "passed": true}, "3": {"execution_time": 0.281280517578125, "passed": false}, "4": {"execution_time": 0.2588317394256592, "passed": true}, "5": {"execution_time": 0.22253060340881348, "passed": true}, "6": {"execution_time": 0.29195237159729004, "passed": false}, "7": {"execution_time": 0.3210299015045166, "passed": false}, "8": {"execution_time": 0.20337843894958496, "passed": false}, "9": {"execution_time": 0.21539855003356934, "passed": false}, "10": {"execution_time": 0.199615478515625, "passed": false}, "11": {"execution_time": 0.3916759490966797, "passed": false}, "12": {"execution_time": 0.24744081497192383, "passed": true}, "13": {"execution_time": 0.19415783882141113, "passed": false}}}, "check_style_score": "0/1"}