{"version": "1", "message": "ERROR: Hidden Testcases server unreachable.", "problem_id": "final_exam_a1_1", "user_id": "gvnaakhilsurya", "score": {"sample": {"0": {"execution_time": 0.32153987884521484, "passed": true}, "1": {"execution_time": 0.3173370361328125, "passed": true}, "2": {"execution_time": 0.2527751922607422, "passed": true}, "3": {"execution_time": 0.26035404205322266, "passed": false}, "4": {"execution_time": 0.2607235908508301, "passed": false}, "5": {"execution_time": 0.2520904541015625, "passed": false}, "6": {"execution_time": 0.17389488220214844, "passed": false}, "7": {"execution_time": 0.20265650749206543, "passed": false}, "8": {"execution_time": 0.17798757553100586, "passed": false}, "9": {"execution_time": 0.17226648330688477, "passed": false}, "10": {"execution_time": 0.21605491638183594, "passed": false}, "11": {"execution_time": 0.17526841163635254, "passed": false}, "12": {"execution_time": 0.17478275299072266, "passed": true}, "13": {"execution_time": 0.18064308166503906, "passed": false}}}, "check_style_score": "0/1"}