{"version": "1", "message": "ERROR: Hidden Testcases server unreachable.", "problem_id": "final_exam_a1_1", "user_id": "gvnaakhilsurya", "score": {"sample": {"0": {"execution_time": 0.3318159580230713, "passed": true}, "1": {"execution_time": 0.33941054344177246, "passed": true}, "2": {"execution_time": 0.2839360237121582, "passed": true}, "3": {"execution_time": 0.3402271270751953, "passed": false}, "4": {"execution_time": 0.2638418674468994, "passed": true}, "5": {"execution_time": 0.19743871688842773, "passed": true}, "6": {"execution_time": 0.3723165988922119, "passed": true}, "7": {"execution_time": 0.35193943977355957, "passed": true}, "8": {"execution_time": 0.2169790267944336, "passed": false}, "9": {"execution_time": 0.1958613395690918, "passed": false}, "10": {"execution_time": 0.21680140495300293, "passed": false}, "11": {"execution_time": 0.2895071506500244, "passed": true}, "12": {"execution_time": 0.20522642135620117, "passed": true}, "13": {"execution_time": 0.1928844451904297, "passed": true}}}, "check_style_score": "0/1"}