{"version": "1", "message": "ERROR: Hidden Testcases server unreachable.", "problem_id": "final_exam_a1_1", "user_id": "gvnaakhilsurya", "score": {"sample": {"0": {"execution_time": 0.3311166763305664, "passed": true}, "1": {"execution_time": 0.283111572265625, "passed": true}, "2": {"execution_time": 0.3583540916442871, "passed": true}, "3": {"execution_time": 0.3135640621185303, "passed": false}, "4": {"execution_time": 0.3669919967651367, "passed": false}, "5": {"execution_time": 0.2973818778991699, "passed": false}, "6": {"execution_time": 0.3454458713531494, "passed": false}, "7": {"execution_time": 0.2683589458465576, "passed": false}, "8": {"execution_time": 0.28247690200805664, "passed": false}, "9": {"execution_time": 0.25986647605895996, "passed": false}, "10": {"execution_time": 0.29853105545043945, "passed": false}, "11": {"execution_time": 0.27992987632751465, "passed": false}, "12": {"execution_time": 0.23310351371765137, "passed": true}, "13": {"execution_time": 0.27135324478149414, "passed": false}}}, "check_style_score": "0/1"}