{"version": "1", "message": "ERROR: Hidden Testcases server unreachable.", "problem_id": "final_exam_a1_1", "user_id": "gvnaakhilsurya", "score": {"sample": {"0": {"execution_time": 0.3590970039367676, "passed": true}, "1": {"execution_time": 0.32604455947875977, "passed": true}, "2": {"execution_time": 0.34595298767089844, "passed": true}, "3": {"execution_time": 0.24595928192138672, "passed": false}, "4": {"execution_time": 0.31774044036865234, "passed": false}, "5": {"execution_time": 0.3645799160003662, "passed": true}, "6": {"execution_time": 0.41180896759033203, "passed": true}, "7": {"execution_time": 0.38840293884277344, "passed": true}, "8": {"execution_time": 0.2625548839569092, "passed": false}, "9": {"execution_time": 0.291090726852417, "passed": false}, "10": {"execution_time": 0.3117506504058838, "passed": false}, "11": {"execution_time": 0.30452895164489746, "passed": true}, "12": {"execution_time": 0.297593355178833, "passed": true}, "13": {"execution_time": 0.30872201919555664, "passed": true}}}, "check_style_score": "0/1"}