{"version": "1", "message": "ERROR: Hidden Testcases server unreachable.", "problem_id": "final_exam_a1_1", "user_id": "gvnaakhilsurya", "score": {"sample": {"0": {"execution_time": 0.4344820976257324, "passed": true}, "1": {"execution_time": 0.29184508323669434, "passed": true}, "2": {"execution_time": 0.42076945304870605, "passed": true}, "3": {"execution_time": 0.2047584056854248, "passed": false}, "4": {"execution_time": 0.1958155632019043, "passed": true}, "5": {"execution_time": 0.31583213806152344, "passed": true}, "6": {"execution_time": 0.4053983688354492, "passed": true}, "7": {"execution_time": 0.33503222465515137, "passed": true}, "8": {"execution_time": 0.29108738899230957, "passed": false}, "9": {"execution_time": 0.22960233688354492, "passed": false}, "10": {"execution_time": 0.33785438537597656, "passed": false}, "11": {"execution_time": 0.2604053020477295, "passed": true}, "12": {"execution_time": 0.18142294883728027, "passed": true}, "13": {"execution_time": 0.25843238830566406, "passed": true}}}, "check_style_score": "0/1"}