{"version": "1", "message": "ERROR: Hidden Testcases server unreachable.", "problem_id": "final_exam_a1_1", "user_id": "gvnaakhilsurya", "score": {"sample": {"0": {"execution_time": 0.3868980407714844, "passed": true}, "1": {"execution_time": 0.3674051761627197, "passed": true}, "2": {"execution_time": 0.28748655319213867, "passed": true}, "3": {"execution_time": 0.40094900131225586, "passed": false}, "4": {"execution_time": 0.23202729225158691, "passed": true}, "5": {"execution_time": 0.2974419593811035, "passed": true}, "6": {"execution_time": 0.2592010498046875, "passed": false}, "7": {"execution_time": 0.24300909042358398, "passed": false}, "8": {"execution_time": 0.29852867126464844, "passed": false}, "9": {"execution_time": 0.21285223960876465, "passed": false}, "10": {"execution_time": 0.3368039131164551, "passed": false}, "11": {"execution_time": 0.30363035202026367, "passed": false}, "12": {"execution_time": 0.250185489654541, "passed": true}, "13": {"execution_time": 0.33624267578125, "passed": false}}}, "check_style_score": "0/1"}