{"version": "1", "message": "ERROR: Hidden Testcases server unreachable.", "problem_id": "final_exam_a1_1", "user_id": "gvnaakhilsurya", "score": {"sample": {"0": {"execution_time": 0.30010008811950684, "passed": true}, "1": {"execution_time": 0.4664733409881592, "passed": true}, "2": {"execution_time": 0.40418076515197754, "passed": true}, "3": {"execution_time": 0.33568239212036133, "passed": true}, "4": {"execution_time": 0.3392460346221924, "passed": true}, "5": {"execution_time": 0.20242857933044434, "passed": true}, "6": {"execution_time": 0.41361403465270996, "passed": true}, "7": {"execution_time": 0.3332946300506592, "passed": true}, "8": {"execution_time": 0.34526777267456055, "passed": false}, "9": {"execution_time": 0.21075773239135742, "passed": false}, "10": {"execution_time": 0.2344951629638672, "passed": false}, "11": {"execution_time": 0.29951047897338867, "passed": true}, "12": {"execution_time": 0.25062036514282227, "passed": true}, "13": {"execution_time": 0.2679250240325928, "passed": true}}}, "check_style_score": "0/1"}