{"version": "1", "message": "ERROR: Hidden Testcases server unreachable.", "problem_id": "final_exam_a1_1", "user_id": "gvnaakhilsurya", "score": {"sample": {"0": {"execution_time": 0.31671953201293945, "passed": true}, "1": {"execution_time": 0.330397367477417, "passed": true}, "2": {"execution_time": 0.40363168716430664, "passed": true}, "3": {"execution_time": 0.3249471187591553, "passed": false}, "4": {"execution_time": 0.2311699390411377, "passed": true}, "5": {"execution_time": 0.33158326148986816, "passed": true}, "6": {"execution_time": 0.27385830879211426, "passed": false}, "7": {"execution_time": 0.23266983032226562, "passed": false}, "8": {"execution_time": 0.29662251472473145, "passed": false}, "9": {"execution_time": 0.2772998809814453, "passed": false}, "10": {"execution_time": 0.27907252311706543, "passed": false}, "11": {"execution_time": 0.32979321479797363, "passed": false}, "12": {"execution_time": 0.32459092140197754, "passed": true}, "13": {"execution_time": 0.2700817584991455, "passed": false}}}, "check_style_score": "0/1"}