{"version": "1", "message": "ERROR: Hidden Testcases server unreachable.", "problem_id": "final_exam_a1_1", "user_id": "gvnaakhilsurya", "score": {"sample": {"0": {"execution_time": 0.41514086723327637, "passed": true}, "1": {"execution_time": 0.3323063850402832, "passed": true}, "2": {"execution_time": 0.25988101959228516, "passed": true}, "3": {"execution_time": 0.39971232414245605, "passed": false}, "4": {"execution_time": 0.2826807498931885, "passed": true}, "5": {"execution_time": 0.22882604598999023, "passed": true}, "6": {"execution_time": 0.46819114685058594, "passed": true}, "7": {"execution_time": 0.4497671127319336, "passed": true}, "8": {"execution_time": 0.19524312019348145, "passed": false}, "9": {"execution_time": 0.24035906791687012, "passed": false}, "10": {"execution_time": 0.24280810356140137, "passed": false}, "11": {"execution_time": 0.30840373039245605, "passed": true}, "12": {"execution_time": 0.34437060356140137, "passed": true}, "13": {"execution_time": 0.30811619758605957, "passed": true}}}, "check_style_score": "0/1"}