{"version": "1", "message": "ERROR: Hidden Testcases server unreachable.", "problem_id": "final_exam_a1_1", "user_id": "gvnaakhilsurya", "score": {"sample": {"0": {"execution_time": 0.3667619228363037, "passed": true}, "1": {"execution_time": 0.3324930667877197, "passed": true}, "2": {"execution_time": 0.30538439750671387, "passed": true}, "3": {"execution_time": 0.3357551097869873, "passed": false}, "4": {"execution_time": 0.3392674922943115, "passed": true}, "5": {"execution_time": 0.5870215892791748, "passed": true}, "6": {"execution_time": 0.31939196586608887, "passed": true}, "7": {"execution_time": 0.41112208366394043, "passed": true}, "8": {"execution_time": 0.19755125045776367, "passed": false}, "9": {"execution_time": 0.26392269134521484, "passed": false}, "10": {"execution_time": 0.2252826690673828, "passed": false}, "11": {"execution_time": 0.1913135051727295, "passed": false}, "12": {"execution_time": 0.20755863189697266, "passed": true}, "13": {"execution_time": 0.18826055526733398, "passed": false}}}, "check_style_score": "0/1"}