{"version": "1", "message": "ERROR: Hidden Testcases server unreachable.", "problem_id": "final_exam_a1_1", "user_id": "gvnaakhilsurya", "score": {"sample": {"0": {"execution_time": 0.271090030670166, "passed": false}, "1": {"execution_time": 0.3129310607910156, "passed": false}, "2": {"execution_time": 0.2655050754547119, "passed": false}, "3": {"execution_time": 0.3443121910095215, "passed": false}, "4": {"execution_time": 0.2958962917327881, "passed": false}, "5": {"execution_time": 0.2642488479614258, "passed": true}, "6": {"execution_time": 0.3407859802246094, "passed": false}, "7": {"execution_time": 0.31332921981811523, "passed": false}, "8": {"execution_time": 0.18380022048950195, "passed": false}, "9": {"execution_time": 0.32932162284851074, "passed": false}, "10": {"execution_time": 0.2782256603240967, "passed": false}, "11": {"execution_time": 0.3501744270324707, "passed": false}, "12": {"execution_time": 0.33292055130004883, "passed": false}, "13": {"execution_time": 0.2809436321258545, "passed": false}}}, "check_style_score": "0/1"}